0,1
0.9912352821891467,000
1.0093987441192638,10
0.9275880117614382,10 years
1.0488084846778631,100
0.9674728472366664,100 years
0.941759708649437,11
1.0576775299239862,12
1.043679318550382,14
0.9055608810380921,15
0.9271087398512626,16
0.8382968373808145,17
1.0028616496685105,18
1.0798631089546544,19
1.0216941136632767,1990
1.0143146263481306,20
1.013157470872821,20 years
1.0366700364625603,2000
1.0309071141212307,2018
1.0094078538130826,2019
0.9882734163422159,2020
1.013548569983029,2021
0.9579301517664669,2030
0.8659845034935463,2050
0.882514093649416,2100
0.9939807291699653,24
1.0782343115852748,25
1.002701206539291,26
1.0681856715725508,30
1.0422116956471552,30 years
0.9480482927609614,40
0.8333171448346864,50
1.006187210732769,50 years
0.9468193155644654,500
0.9479857260069816,60
0.8855209848523935,70
1.0003826973275964,80
1.1374749698728848,90
0.9860179126392187,95
1.0349257114490031,ability
0.8978411117106995,able
0.8799472261260142,absolutely
1.0247430448959747,academic
1.1436224521899847,accept
0.9492120376560952,access
0.9952166635887568,accessible
1.128279873840499,according
1.152376521576782,account
0.8120699256627009,accurate
1.1353406578418217,achieve
0.9593090654914519,acidification
0.9665796842405976,act
1.1741743510381981,action
1.2381604058363909,actions
0.9704769787503507,active
0.9835300484336524,actively
1.025460560247767,activism
1.024779153312006,activist
0.9305310147319826,activists
0.9052955435295424,activities
0.8849580772443388,activity
1.0921948745248267,actual
1.0509180393697959,actually
1.021164826892763,adapt
0.8283326101090778,adaptation
0.984151547367779,add
0.963316503032347,added
0.9703033124038648,additional
1.0651049924149352,address
1.082370849618916,advance
1.0700260711954317,advertising
1.0655439927527672,advice
0.9334611844971635,affect
0.9225744538907649,affected
0.9565708053424973,affecting
0.9780907233007736,afford
1.1095306015499997,affordable
1.0449011395584802,afraid
0.9466493621193142,africa
0.8711840589017619,age
1.0681618283435945,agenda
0.895353793200217,ago
0.9748541459589539,agree
0.8700429845923013,agreement
0.9402634253567812,agricultural
1.0589510535134328,agriculture
0.9915939145417326,ahead
1.0744966880648654,aid
1.0107734104004482,aim
0.9054798607507952,air
0.8942537524665976,al
0.9833835511794812,allow
0.9972764248857139,allowed
1.0010930309878179,alot
1.2919463175540913,alternative
1.2924640968734185,alternatives
1.0200972390937604,aluminum
1.0214629960753254,amazing
1.0111791379547608,amazon
1.121910942992825,america
0.9148295551441891,american
0.9295373271421785,americans
0.9491724204224723,amounts
1.0049058469208978,analysis
0.9195441378724886,animal
0.8402703743311164,animals
0.88764090175161,answer
1.0020458034785522,answers
0.970597967690695,antarctica
0.9899208800928354,anti
0.741128515627787,anxiety
0.9782344355997715,anybody
0.9046803239080701,anymore
1.036596683055009,anyways
0.9662122827962075,apart
1.0495101245955385,apartment
0.9541305292862234,apocalypse
1.0777468583037442,app
0.9073700907285133,apparently
0.9630301784420002,applied
0.9216882604967869,applying
1.043500647033527,appreciate
1.037598009817224,appreciated
0.9346395909387393,approach
1.008349737609064,apps
0.9955725093379315,april
0.8103073529272415,arctic
0.8543431963704193,area
0.9040851594206325,areas
0.9713541390216783,aren
0.99271632608979,argue
0.9437209855059245,argument
0.966315450211602,arguments
1.0592190506100492,art
0.785678927338115,article
0.9107337256182595,articles
1.0490460161050266,aside
1.097795950153102,ask
1.0127234785962977,asked
0.9539678470838582,asking
0.9565241009120579,aspects
0.9169785885796544,assignment
0.9211672236263304,associated
1.0471974818241265,assume
0.8969977307316014,assuming
0.8433280735138197,atmosphere
0.848031416644913,atmospheric
0.9647697424364395,attacks
0.8814710135828415,attention
0.909442033504097,australia
0.9294677416777015,australian
1.1522932096478784,available
0.9244008663465505,average
1.016824697779643,average temperature
0.9487020775337119,avoid
1.024565882879632,aware
0.8713994366868869,awareness
1.0754318973308536,away
1.0182846775822794,background
1.0304190234005548,bad
1.1103028995481032,bag
1.29809150008215,bags
0.9767620137058075,balance
0.9714033361104681,bamboo
1.2909277180276764,bank
1.125022781348994,banks
1.0517112720768191,bar
0.9774966446393746,barely
1.1606905416877134,bars
1.1811661166282221,based
0.9136752361892663,basic
0.9897045039195442,basically
0.9768409289437078,basis
0.9808613640719215,bathroom
1.0630749341181445,batteries
1.070005391536338,battery
0.9174585628277071,bbc
1.0471760989710537,beautiful
1.0393748167624686,beauty
1.0340518525393212,beef
0.9936028168328366,began
0.9975074129931654,begin
0.9658081529439535,beginning
0.9177554570422283,behavior
0.9861945093671826,beings
1.0063310966414656,beliefs
0.9978648402363,believe
1.0554377846862324,believe climate
0.8998759143058277,beneficial
1.1437614056661212,benefit
1.0981660246097629,benefits
0.969050998013282,best
1.035363395791506,best way
0.9834760006281705,better
0.9272507940302714,biden
1.098254145802889,big
0.9150002064820526,bigger
1.1898886090860252,biggest
1.1344813056169851,bike
1.162716226894755,billion
1.0066052635287857,billions
1.0856403146260627,bin
1.0310977730074993,bio
1.1865154533498268,biodegradable
1.175787361476915,biodiversity
0.9045738707278865,bit
1.0775639419519252,bitcoin
0.9671264538480372,black
1.0344659269126502,blame
1.3201786998480547,blog
0.929809981469978,blue
1.0113207782661986,board
0.9682068323663897,body
0.9623306157313153,book
1.263723477963484,books
0.9353834868114695,born
0.9716242682274032,bottle
1.001642456687353,bottles
1.0441322104788107,bought
0.9871493002193772,box
1.1324496161947364,brand
1.2125137920892572,brands
1.0267419088625898,bread
0.9707690838472254,break
0.99432872782487,breaking
1.10503831689328,bring
0.963235240473875,brings
0.9720526491839937,brought
1.0072201136011691,bs
1.0070395182065337,budget
0.9231690955160419,build
1.1479590584427661,building
0.9134234541616836,buildings
1.1305436775386486,built
1.004683811377511,bulk
0.9147600387488366,bunch
1.007796435919015,burn
1.0114029783301466,burning
1.0188927265944554,burning fossil
1.0194002950413472,business
1.2502827745970453,businesses
1.0725572020904448,buy
1.0068379584717289,buy new
1.240405910790937,buying
0.9632429109703776,calculate
0.9382563398133743,california
1.080913432093466,called
1.0653555585177592,came
1.0130128086518457,campaign
0.9162868559719194,canada
1.0752176980431403,capacity
0.8700150757559907,capita
1.111587236513282,capitalism
0.8077096175163915,capture
0.8658691700240414,car
0.7590871068559834,carbon
0.8779906640098738,carbon capture
0.9256413151116749,carbon dioxide
0.9976426973952502,carbon emissions
1.0506097846999316,carbon footprint
1.027942144814786,carbon neutral
1.0872772938159525,carbon offsets
1.0732519136507819,card
1.0507312104008837,cardboard
0.8551594504143086,care
1.014301332531021,care climate
1.1324861148127223,career
1.153915060643277,careers
0.9984250322292596,cares
0.8633429378323648,cars
0.8540842889399363,case
1.0995844236992374,cases
0.9656588780207624,catastrophe
0.9454550690427956,catastrophic
1.0227764207339798,category
0.8621403259304755,cause
0.8701531201783926,caused
0.8154913511384464,causes
0.8716970737242218,causing
0.9187166789512826,celsius
0.9757667318155603,center
0.9480672063905815,central
0.9141104121975298,century
0.9169961095657778,certain
0.9810628336433157,certainly
1.0570452969801885,certification
1.0189387511609909,certifications
1.0048401250476078,certified
1.1174113281950706,chain
1.2130588326143992,challenge
1.0300600913514686,challenges
0.9795287311004702,chance
0.7357117558564089,change
1.0798043299193816,change climate
0.9950691929414316,change denier
0.9904721832291501,change global
0.9674062045806437,change going
0.9418979705648782,change real
1.0231313506421775,change sustainability
1.1260088514383868,change way
1.0884027144918083,change world
0.928265197601655,changed
0.9941749680590192,changes
1.0614961888312242,changing
0.9329752875110033,charge
1.0069466780989214,charities
1.075147092610078,chat
1.0463360503281096,cheap
1.0269554318152805,cheaper
1.0123724327089831,check
1.0785131838648763,cheese
0.9399969844082269,chemical
0.9823707070296199,chemicals
1.1119258204757705,child
0.963029945580412,children
0.8380150283153306,china
1.0976155216533507,choice
1.0758953286867659,choices
1.0507942086181543,choose
0.8911113517212036,christmas
1.0977779459981611,circular
1.003186680999573,cities
1.1419887580462917,city
1.0086045266145345,civilization
0.9107292725102053,claim
1.0208563994542037,claims
1.0301689330629549,class
1.0647154020849854,clean
1.0634413592146374,clean energy
1.1097549719130506,cleaning
0.9188845097841262,clear
0.8936408035711815,clearly
0.35065752784168025,climate
1.000282646181803,climate action
0.9950218665282932,climate anxiety
0.520651039463767,climate change
0.9453598642906805,climate changes
1.0338667685068772,climate changing
0.9751072554564912,climate crisis
0.9642638402179443,climate science
0.9568267906714202,climate scientists
0.819779817691204,climatechange
1.0550530769404434,close
0.9938914361666208,closed
1.121920972029454,cloth
1.1835971628147564,clothes
1.1635875861453293,clothing
0.6871116453215667,co2
1.1098948499427763,co2 emission
0.8606819578330106,co2 emissions
1.0788199965804093,co2 levels
0.890392281189695,coal
1.0046642616808221,coast
0.9388359227656572,coastal
1.3000085445412706,coffee
0.8922630072001383,cold
0.9201823330043961,colder
0.9654710037637406,collapse
1.0483798757759266,collection
0.9960172341953603,college
1.0006891699508995,college student
1.1110826409918255,combat
1.1210472955495177,combat climate
0.9341750606449069,come
1.0908666070714244,comes
1.1164898117685043,comfortable
0.9497518602224948,coming
1.0552041932262854,comment
0.9074251153264191,comments
0.9734261821769409,commercial
0.9558460332804972,common
1.0430101639636573,communities
0.9997607262500222,community
1.0381621116917705,companies
1.2577592351767413,company
0.9551421248304856,compare
0.9196929517325971,compared
1.0989502526253374,complete
0.8768059306586495,completely
0.983553934195962,complex
1.0461499250227948,compost
1.048460400480947,compostable
1.074236830678384,composting
0.9666474461447296,computer
1.1076170444328313,concept
1.009918314963834,concern
0.983087601563156,concerned
1.144861072505998,concerns
0.9694326532277241,conclusion
1.0789603398458594,concrete
1.1484224469441933,conditioner
1.0384720129727898,conditions
0.9958984343584535,conflict
1.0401910594974348,confused
1.1220734238353574,connect
1.1042684419032391,connection
0.9228830323820782,conscious
0.9691319262511836,consensus
1.0258383607409565,consequences
1.0347401135634393,conservation
1.1583510718391188,consider
1.063929159066112,considered
1.085993587112744,considering
0.9844818574243257,conspiracy
1.0387716094370139,constant
1.0632465531834687,constantly
1.0283324573809278,construction
1.0482164859391891,consultant
1.003528689267409,consulting
1.0175640214985822,consume
1.007895092667608,consumed
1.0867799787258792,consumer
1.1183765120694953,consumerism
1.226447535848933,consumers
1.0916194263392243,consuming
1.1005423434729389,consumption
0.9947583828685173,contact
1.202297799628595,containers
1.1107729976541176,content
0.9777834841233066,context
0.8961088461040814,continue
1.0866480969900614,contribute
1.0867689924696713,contributing
1.031992278074315,contribution
1.0292365776727874,control
0.9514400245875531,conversation
1.072273422185008,convince
1.0759078052780586,cool
0.9200358068366573,cooling
0.8946677298557406,cop26
0.8688308375240691,core
0.9122110726041964,corona
0.9834428179675713,corona virus
1.1485282003818447,corporate
1.1356789702097034,corporations
0.9916880295391755,correct
1.017250014668203,cost
0.9030134375585618,costs
1.1030442065936847,cotton
1.017380395939913,couldn
1.07295975779572,counter
0.8519932675824677,countries
0.9174928984964109,country
1.1118861604865757,couple
1.373135339577149,course
1.0392446907737143,courses
0.9459235096424552,cover
1.0638998945090319,covid
1.087764457949212,covid 19
0.9325264870511072,crazy
1.192575107875325,create
1.20461166224685,created
0.8843570697008301,creates
1.0142007708063934,creating
0.9524089212238087,creative
1.073317711055724,credit
0.8877425099548464,credits
0.8221121979582967,crisis
1.0418727238979715,critical
0.9862464571793156,crops
0.9864026795300234,cult
0.984185096933388,culture
1.0490257164701968,cup
1.1069994881002179,cups
1.022930812337369,curious
1.017927028554921,current
1.14512007990696,currently
0.94916677807633,cut
1.0712542441970725,cutting
1.0549106579541425,cycle
1.070128994702218,daily
1.068166251361477,dairy
0.9018478930078586,damage
0.9142879885322193,dangerous
0.9707328976601902,dark
0.9142004328069763,data
1.0020578971319398,date
0.9993621838846933,david
1.1532782967463233,day
0.834924946508927,days
0.9971434077157039,dead
1.1094870772032144,deal
0.9587497064127463,death
0.9929287776506066,deaths
0.9427308132497141,debate
0.9173496339676209,decade
0.8488546434871219,decades
0.8871008164776245,december
1.0820576697609416,decent
0.9795645015631528,decide
0.9930867943483382,decided
0.9765416815796357,decision
1.0353348652217427,decisions
0.9627089701138825,decrease
0.9583299854911013,dedicated
0.9566912640222013,deep
1.0267531113482318,definitely
0.8559836304213048,deforestation
0.978296580562184,degree
0.7577232158728835,degrees
1.1788528009803185,deleted
1.0163841470823112,demand
1.0149706056034435,denial
0.9241245631352886,denier
0.957229497514384,deniers
0.9880099827385753,deny
1.0421918164199866,deodorant
1.010141394324084,desert
1.105433700933523,design
0.9827146075804949,despite
0.992433176319697,destroyed
1.066365742412337,destruction
1.0679517643862746,details
1.1137009466786971,detergent
1.0632484386652128,develop
1.0947857947447501,developed
0.9242287196847162,developing
0.9856393717572326,developing countries
1.2019536599725862,development
1.0945223816116694,devices
1.159920817971032,did
1.0193686327128324,didn
0.8344816472523923,die
0.9738669963148509,diet
1.1343098643501195,difference
1.0323965711667193,different
1.1877709470876967,difficult
1.062001104640119,digital
0.9306122307941284,dioxide
0.9649687956662156,direct
1.0175319389896893,direction
0.9553255757315288,directly
0.9329505565715503,disaster
0.9559354776646768,disasters
0.9890846026848722,discuss
1.0357666465665873,discussing
0.9450172367695532,discussion
0.978163652439462,discussions
0.9715791669268214,disposable
1.0993373266076114,dissertation
1.0153467242826284,documentaries
1.0068517876269234,documentary
1.0924407235263227,dog
0.8508429358945654,doing
0.919081322786938,doing research
0.9647649823514013,dollars
0.9008737058431276,donate
1.0046670810057265,donating
1.050325795097461,dont
0.916305644810554,doom
0.9688362325111602,doomed
1.0284670399263127,door
0.9577661099024714,double
0.9739783765670784,dr
1.0006278682037195,drink
1.0351728567427672,drive
1.1471127252959532,driven
0.9407193459034858,driving
0.9840523309677112,drop
0.869063954306172,drought
1.0196629386831622,droughts
1.004722666722075,dry
1.0430748657899347,dumb
0.973618665849291,dying
1.0909765161227285,early
0.7394041746430404,earth
1.0346146970665733,earth day
0.9219306615734301,earths
0.9565532414734242,easier
0.9827072470503427,easily
0.8705188935077125,east
0.8808608757398811,easy
0.9011548672583893,eat
0.8706640250444749,eat meat
0.9793661223085817,eating
0.9957431815286464,eating meat
1.4982071667064254,eco
1.4797354062105452,eco friendly
1.089610737150279,ecofriendly
1.0315752781250402,ecological
1.0509835367142337,economic
0.9191554950669417,economics
1.1161302646326081,economy
0.8527315665038542,ecosia
0.9104159172678256,ecosystem
0.9931811218843796,educate
1.0162687650651114,educated
0.9235384266296004,education
0.8391358349326801,effect
1.0492386170061059,effective
0.8330133189277276,effects
0.9790234290760614,effects climate
1.0451608233735878,efficiency
1.0113916285449638,efficient
1.164185483701123,effort
0.9802515704993473,efforts
1.173723247651005,electric
1.032990458097321,electric car
1.0815179484944661,electric cars
0.9133261395834094,electricity
0.9357071948885708,email
0.8839185424658542,emergency
1.0349559671051387,emission
1.0336579358374889,emissions
0.9667202843827876,emit
0.9831397762998385,emitted
1.0941429865593508,emotional
1.018296024976103,employees
1.0465252364497815,encourage
0.9167090135110816,end
1.1285484472787222,ended
0.9972756623192103,energy
0.9935323579812265,energy consumption
0.8966412456683891,energy sources
0.936216816229002,engine
0.9461442032973671,engineer
0.9421275251258767,engineering
1.0061224675775842,english
0.9915614101142868,enjoy
1.0491631724388024,ensure
1.033523946762664,entire
1.0441037064086565,entirely
1.1264515894915046,environment
1.2308591880624515,environmental
1.1578671472596955,environmental impact
1.0158303816217176,environmental sustainability
1.1935634132405695,environmentalism
0.8770744466715685,environmentally
0.8462089036636404,environmentally friendly
1.1271683265176662,equilibrium
1.0409082216945287,era
1.0891317155042934,esg
1.1776166890913236,especially
0.9756065107348284,essay
1.010158406403112,essential
1.0400638412859156,essentially
0.9494143261628146,estimate
0.9095290093404262,estimated
1.0027053732269393,estimates
1.2296802667111908,ethical
1.011186892215878,eu
1.0202956005926433,europe
1.1427800918775106,european
1.0585867628264305,event
0.8842120402383159,events
0.9565747878027185,eventually
1.0126307785260755,everybody
1.0348915386508835,everyday
0.9033089542916253,evidence
0.9080926944137429,exactly
0.9940202405827026,example
0.9166021521204589,examples
1.0047223775051455,excited
1.1269281987293822,exist
1.0196978123727378,existence
0.964499177649135,existing
0.972002402069727,exists
0.9984510675012273,expect
1.1100279837707703,expected
1.0952482428342012,expensive
1.1342066328422657,experience
0.9913266084660034,experienced
1.064412726656893,experiences
1.032409219924377,experiment
0.9657931982761024,expert
0.9666044804852028,experts
0.8514296193287301,explain
0.9955676558062966,explanation
0.9355815165484809,extent
0.9505729505467789,extinct
0.8425080892746719,extinction
1.0413269592104846,extra
0.8076083786649797,extreme
0.9117296519761877,extremely
1.001277507951558,eyes
1.0691964053452652,fabric
0.9675588277378647,face
0.9974151884424893,facebook
1.0664252672286718,facing
0.8077168198627575,fact
0.9203097688954341,factor
0.9919486836812583,factories
0.9643275470366276,factors
1.0699987047867894,facts
1.0180030877070836,fail
1.0160618662271383,failure
0.9681358038121495,fair
1.0486774941673476,fairly
0.9348439186088082,fake
1.020144956094724,fall
1.0511256589719093,false
1.016968943840161,families
0.9762105105696813,family
1.0522845906042382,fan
0.9096316149826121,far
1.031129774557919,farm
1.1969262237161402,farmers
0.9517607621932568,farming
1.023201732655498,farms
1.3349719330825842,fashion
1.025291179582461,fast
0.9881333006140901,fast fashion
0.9664312051677343,faster
1.088122111391683,fault
1.0358046801764957,favorite
0.976838708824825,fear
0.9543207040123789,feasible
0.9898293610621399,feed
1.13145618688617,feedback
1.0854491596531337,feel
1.0688571935827316,feel free
1.1178161775900328,feeling
1.1492234086334914,feels
0.9751490116049721,feet
1.0010611239909695,felt
1.197151668692018,field
0.9740269683884093,fight
1.0646424903120657,fight climate
1.0412870986569622,fighting
1.124436602831836,fighting climate
1.0627257531862333,figure
0.9646584574029323,figured
0.9980554850569074,film
1.0871158337262585,filter
1.0281001354264327,final
1.060869201888446,finally
1.0837007321977048,financial
1.084432741221429,finding
0.9374845001357587,fine
0.7924701167644829,fires
1.1606018786242227,fish
0.9781073906547698,fishing
1.0070711465506224,fit
1.068830587680513,fix
0.9864429493872235,flight
1.069550879466855,flights
0.8568765330645112,flooding
1.0489659788160988,floods
1.077827048468589,fly
1.0612751013091049,flying
0.9326116170800149,focus
0.8978156685653482,focused
0.966114743453131,folks
0.9868055803557164,follow
0.9649135220192532,following
1.2779686445457983,food
0.9364672735051918,food waste
1.080416592698755,foods
0.8917792368741951,foot
1.0215630416622723,footprint
0.9535101040549397,force
1.009893439027868,forced
0.8867495799420915,forest
1.0330277382017201,forests
1.034420401089956,forever
1.0108960088105552,form
0.9860982311213098,forms
1.0360785480094976,forum
1.0238538707116078,forward
0.9532900179047569,fossil
0.9488414680565073,fossil fuel
0.9843891848043995,fossil fuels
0.953520375507399,foundation
1.274454604653143,free
1.0656980455371943,friend
1.3155678866087497,friendly
1.2711950861016243,friends
0.9779544681545147,fruit
0.8499451715585497,fuck
0.8975126520034741,fucked
0.9768468224398689,fucking
0.885534605203196,fuel
0.977481200946393,fuels
0.9923393337195611,fully
1.0728210416976092,fun
0.9219486249202961,fund
0.9173084054828363,funding
1.0513491010607885,future
1.0833180172221253,future generations
1.0124711373843784,gain
0.9512304393429969,game
1.0723652504899928,garbage
0.9887698643761339,garden
1.0729559521088405,gardens
0.9347095017051518,gas
1.0246843540012611,gas emissions
0.9249180313226003,gases
1.1237925183042565,general
1.0034596365836863,generally
0.9906330035305224,generate
0.9275363999637359,generation
1.050443268176755,generations
0.9789113237474452,genuinely
0.94457464562073,germany
1.0697026461090078,gets
0.8605998458073943,getting
0.9132907528856837,ghg
0.9579069400900967,ghg emissions
0.9888496323011349,giant
0.9910096504260304,gift
1.023476535232069,given
0.9674044240882447,gives
0.9445548623126799,giving
1.1136404382208438,glacier
1.0234750260213032,glaciers
0.9672837139320226,glass
0.8537064598557061,global
1.08627850759375,global climate
0.9159939107680736,global temperature
0.9426632402244074,global temperatures
0.7045976014584567,global warming
1.0219656524071141,globally
0.9025602381340792,globe
1.0326936320511608,goal
1.0896044161547134,goals
0.9900232985111534,god
0.9709125678777325,goes
0.9126916900861812,going
1.0201664468882992,gone
0.9837122437305599,gonna
0.9726199838704249,good
0.9939203208475743,goods
0.9597012889421025,google
0.8880270379423479,got
0.9929835972349886,gotten
1.1624141229025844,government
1.0408702620043575,governments
1.039236132457349,grad
1.1312806664222599,graduate
0.9650758217637494,grass
0.9457120590049827,great
0.9699073036527872,greater
0.8692785526424808,greatly
0.9432263375464337,greatly appreciated
1.2429024861906581,green
1.0359377752847947,green energy
1.0720768013909943,greener
0.8811252800078853,greenhouse
0.9468114179904057,greenhouse effect
1.0546916289298829,greenhouse gas
0.9823303967645846,greenhouse gases
1.3699577647215657,greenwashing
0.7744335001564464,greta
0.8285394432836098,greta thunberg
0.9499817214435614,grid
1.134455408625243,grocery
1.001808520574064,grocery store
1.1291238903261624,ground
1.09117370916384,group
0.895615658535985,groups
1.045962830701863,grow
0.9385811657455714,growing
0.9502478437854743,grown
1.0128203587490396,growth
1.0901005620177777,guess
1.0116213053306402,guidance
1.0918595047276747,guide
0.9702793015520073,guy
1.1188297548957173,habits
1.1659572006810421,hair
1.1606118544158126,half
1.1788494821487794,hand
1.024134916019329,hands
0.7976826023108723,happen
0.9231596276170616,happened
0.9263401860744371,happening
0.8002869690039243,happens
0.9821765269976769,happy
1.0300968399266035,hard
1.0191417791698234,hard time
1.0321994904279703,harder
1.1925527159978828,harm
1.0331084778750406,harmful
1.1176698589426959,hate
1.0892510868813179,haven
0.8443936740464235,having
1.072006966526471,head
1.0854886977489833,health
0.892901445956938,healthy
1.0591387375818075,hear
1.0558567093708804,heard
1.0457554323923317,hearing
0.8419213631959823,heat
0.9775781470440319,heating
0.9863887809532339,heavily
0.9636122811772964,heavy
0.939388865272388,hello
1.0419510635259923,helped
1.07959871970935,helpful
0.9364422122208947,helping
0.9708660384127566,helps
0.8360147155459382,high
1.017769303538782,high school
0.9985508750025172,higher
1.0268520015334137,highest
0.9771929330558832,highly
0.9550747701702,historical
0.8512132278497279,history
0.982836372337213,hit
1.0899583131547623,hold
1.0739900383165686,holding
0.976095216717737,hole
1.0615508843846146,holiday
1.3473610070126005,home
1.0100648144961362,homes
1.0566234833045984,honestly
0.8468627604815657,hope
1.0383947463526653,hopefully
1.0040744292744268,hopeless
0.9381096403376706,hoping
1.0273657001481427,horrible
0.996571464015487,hot
0.9024341288483418,hotter
0.9804019687487364,hour
0.9787097972269695,hours
1.0131554065874742,house
1.1575797321879124,household
0.9244075537354205,houses
1.1071251251960657,housing
0.9470644163863291,huge
0.9085904145097298,human
0.9854296441964808,human activity
0.9458314470322492,humanity
0.8443789027387378,humans
0.9815422301972565,hundreds
0.9937790270297703,hurricanes
1.0944719302030772,hybrid
0.8907028528809714,hydrogen
0.7604131718933679,ice
0.955113870675812,ice age
0.9126604496685586,idea
0.9910239976770252,ideally
1.395157586067322,ideas
0.9189689376110425,idk
0.981342344563048,ignorant
0.9409041735573291,ignore
0.925105789290165,im
1.0724512967058202,imagine
0.9896013881515424,immediate
0.9444942900194545,immediately
1.019037243918202,impact
0.9267710820864868,impact climate
1.0556084651009285,impact environment
1.0475445988499992,impacted
0.9427684653011323,impactful
0.9611540847158645,impacts
0.979936538538142,implement
0.967777175505649,importance
0.9706455208464967,important
0.9271282735991457,impossible
1.1071509136294782,improve
1.0103903100543299,include
1.1171667643517433,included
0.9586565432754683,includes
1.0830685740368131,including
1.0749117734892732,income
1.0271331844441856,increase
0.9687027219278734,increased
0.9617861825647545,increases
1.0783125704558527,increasing
0.9496631130076209,increasingly
0.9519177891544236,incredibly
0.9218001595571153,india
1.0366682066500033,indigenous
0.9129401552344004,individual
0.9957170442413817,individuals
0.9484764845345026,industrial
0.9907387859645272,industries
1.280439928430656,industry
0.9156990945747505,influence
1.0508053307943002,info
1.044557566941014,information
0.9075790406102437,informed
0.9302530003274077,infrastructure
1.0060389922700477,initiatives
1.0864247969654237,innovation
0.9981688695258496,input
1.0013149466530014,inside
1.0465323182286397,insight
0.9482754192515737,instagram
0.9501642616582117,instance
1.1892636215456218,instead
0.9943146683557985,institute
0.8499840890096237,interested
0.9508969943477743,interesting
0.9720362636384052,interests
1.0770558375262285,internal
1.0179776244097345,international
1.0039614093291926,internet
1.0825066014952471,interview
1.2320135748664878,invest
1.1612348645005126,investing
1.1919052318148178,investment
0.960892549837244,investments
1.0770792323743243,investors
0.986316573510362,involved
0.7545994132258145,ipcc
0.9907637344249156,island
0.9367693081957281,isn
0.875464110016551,issue
1.2716765954038731,issues
0.8947041717015016,italy
1.0786927383758715,item
1.155781558698422,items
0.9407699626037502,january
1.1149528034661107,jars
1.000809499354901,job
1.1630545575044935,jobs
0.9474518336983581,join
0.8791360560572429,journey
1.0158101733684326,justice
0.8929133462576656,keeping
0.9302724019615592,keeps
0.9815618107253007,kept
1.0539544475993625,key
1.0160438260353086,kid
0.9843371421491082,kids
0.9056384260703861,kill
1.040611306792131,killed
0.9186652390742353,killing
0.9901585934180106,kind
1.0314500627614511,kinda
1.170419182918801,kitchen
0.9915276515844901,knew
0.9731595736255082,knowing
1.0277725086095053,knowledge
0.9534841582113723,known
1.0137140441284112,knows
0.9855838259919418,la
1.059633098515458,lab
1.045869329227543,lack
0.879839426111273,lakes
0.9302476338702476,land
0.8974063779412329,landfill
0.8999648518754011,language
0.917642437159111,large
1.0420587813242024,large scale
0.977104322146744,largely
0.9350402069377727,larger
1.1022394505401634,largest
0.9496372951100961,late
1.0026269635139913,lately
0.9303025819997343,later
1.1681662888141897,laundry
1.04314422404305,law
1.0125460068916279,laws
0.9502307933379001,layer
0.920627937125608,lead
1.0321807415608446,leaders
1.0885970635296351,leading
1.0211394636027702,leads
0.9490890693232201,learn
1.0334269561422103,learned
0.9681687261799244,learning
1.0931958902227406,leave
0.9406382950117276,leaving
0.9333852696974902,led
1.0709002413931274,left
0.8693466765389005,level
0.8974220873656712,level rise
0.9869457155770318,levels
1.0036210019527148,lie
0.972536797567573,lies
1.1011038911113449,life
0.9952244035096137,lifestyle
0.9824471425859718,lifetime
0.9990696412731986,light
1.097628232419276,lights
0.8820212506406719,likely
0.9378865237225685,limit
0.9777393725332785,limited
0.9110057668827592,limits
1.0267896231527325,line
0.9435976568184836,lines
0.9591189418682784,link
1.1138151060210975,linked
0.8742058806667938,links
0.9881376006377925,list
1.016824098236983,listen
1.2105746232225665,literally
1.017790963016639,little
0.9472527724805317,little bit
0.9527054304369297,live
1.0513727615002875,live sustainably
1.016906938766519,lived
0.9930553240864726,lives
1.0239565086209084,living
1.0128685759947398,ll
0.9288595738304204,local
0.9818229214818035,locally
0.9840990006842818,location
1.0478557795677388,london
1.1268926099308034,long
1.0207829991331545,long run
1.132572592834446,long term
0.9979724284593495,long time
0.971421432091016,longer
1.137253599560834,look
1.053729371803622,looked
1.0447233063598604,looking
1.0193939265136798,looking sustainable
0.9916823723336144,looks
0.9841532087464022,lose
1.0453239281860587,loss
1.00355351485552,lost
1.0143917349047655,lot
1.0891960291425777,lots
0.9880364581720362,love
1.0707392287237467,love hear
0.9639288367718893,loved
0.9372184039082219,low
0.9869867299537183,lower
1.047924678936744,machine
1.0260513277597827,machines
0.9905100771690962,main
1.017313579881339,mainly
0.9511051758023598,mainstream
0.8300708764623183,major
1.0648259883003464,majority
1.1658344877684246,make
0.971818885078429,make difference
0.9852954738473744,make sense
1.0456792239577732,make sure
1.058618827062004,make world
0.99393169822831,makes
0.985928885925329,makes sense
1.0232964645590907,making
1.0061579411033446,man
1.1635039236939475,management
0.9358064181085856,manager
0.9553071177902775,manufacturing
0.9587370066413425,map
1.0283664813070006,march
1.1758143068408284,market
1.0420555534870244,marketing
0.8355330516708596,mass
1.0280196301347515,masses
0.9170723111107881,massive
0.9814207059853571,master
1.1581325973028465,masters
1.1628039577287461,material
1.1587348796623793,materials
1.0058834374162873,matter
1.0239223598461673,max
0.9995988283157426,maybe
0.9054458413699781,mean
1.0561160467371957,meaning
1.0110362789045817,meaningful
1.06320057446176,means
1.0901724347752004,measure
0.9204909090508986,meat
0.8926156997103503,media
0.8995925875546712,meet
0.9296099164885402,melt
0.9127837961914976,melting
0.9771193040590538,members
1.0267189480663528,men
0.8966218243114288,mental
1.0244390078051102,mention
0.9961021564595047,mentioned
1.0512500279501455,message
1.1046942320428321,metal
0.7288875871609036,methane
0.8299247239921393,method
1.0884320995215142,methods
0.8761874190886484,michael
1.0023023781464848,mid
0.9476233980094462,middle
0.938744253417803,migration
1.1279570521845599,miles
1.2885966030564315,milk
0.9710254362408135,million
0.9341216223276055,millions
0.9568851963836315,mind
0.9703263311195514,minds
0.923070657164731,minimum
1.08038352538433,mining
1.0883673168970498,minutes
0.9981159683604877,missing
0.935090341159297,mitigation
0.8949077558028647,model
0.8542527557313295,models
0.9315365639749719,modern
0.9449332448108877,mom
0.9183966077353414,moment
0.9488176683547678,money
0.8647850403481946,month
1.018326636742135,months
1.082821231503316,morning
0.9618991104778958,mother
0.9527447398880717,mountain
1.0041262659629928,moved
0.9446279178075183,movement
0.9339991669343459,movie
1.0010070123620551,moving
1.0012548491491688,multiple
1.1394020389213946,music
0.9592536166846448,narrative
0.9043584117271354,nasa
0.9181387696116073,national
0.8874314318522871,nations
1.031634945457217,native
0.844907659201405,natural
0.9369320438367137,natural disasters
0.9131937982887119,natural gas
1.0089175353065183,natural resources
1.006973476347964,naturally
0.8281200183969433,nature
0.8701300990668771,near
0.9546993788622824,nearly
0.9081134052678249,necessary
1.0571657521938267,needed
1.042524590836712,needs
1.255758109940075,negative
1.1179229535865383,neighborhood
0.8994694548280718,net
0.929654208108887,net zero
1.0306895954554998,netherlands
0.989744478178427,network
1.0374846938007944,neutral
0.9774384814307434,new
0.9555547734030322,new york
0.9718965735033083,news
1.099902341028587,newsletter
1.005590723212614,nice
1.0470682121149049,night
1.1154902834888079,non
1.01103851290495,normal
0.8412535343291497,north
0.9131506530577569,northern
1.06105807325772,note
0.9798678235362235,notice
1.0069805577857427,noticed
0.9734879121194938,november
0.8916840546685884,nuclear
1.0277802620740664,nuclear energy
1.0299050633618736,nuclear power
0.9741114168251624,number
0.8771393071663892,numbers
1.0394525859461816,nutrition
0.9721109218244153,obvious
1.0105275163784888,obviously
0.9908383691982842,occur
0.6992851603443727,ocean
0.9100599207181769,oceans
0.9679183680290738,offer
1.0550670951238132,office
0.9946874078789176,offset
1.1497851676449924,offsets
1.016617817092734,offsetting
1.0706528262972739,oh
1.0592970301627331,oil
0.9799987787521568,ok
0.9702073279295229,okay
1.2540918974099267,old
1.0237157530676708,older
0.9395608256588042,ones
1.1088665317743827,online
1.0459836167178826,open
0.9689764504558792,opening
0.9045135430578274,opinion
1.028265623815676,opinions
1.014887649529843,opportunities
0.9617628347046279,opportunity
1.0153004542157875,option
1.2421267965942198,options
1.0668958979679848,order
0.899383571727592,org
1.0923370783849684,organic
1.0048458563878975,organisation
1.0428186451134898,organisations
0.9562976806140444,organization
1.00360761210414,organizations
0.997934617172529,outside
1.0061908701358135,overall
0.8266574781350073,oxygen
0.9271546263549701,ozone
1.2596866313521264,packaging
0.9241904884411162,page
1.0383308659048143,paid
1.054590922566782,pandemic
0.9472180856236112,panel
0.8816200618352688,panels
0.8987566879723404,panic
1.0927575100223261,paper
0.9652499890503196,papers
0.9577014156191556,parents
0.8403392241044929,paris
0.8821551035628469,park
1.09047347367753,participate
1.0094241883729673,particular
1.1283913634179237,particularly
1.0348702150242188,partner
0.8957416538398959,parts
0.9722470794476418,party
1.1622409186937246,pass
0.9852835992636895,passed
1.054228032775874,passion
1.0136270642779976,passionate
1.016896879121731,past
0.9786840969479154,past years
1.1341252442778227,path
0.945752537985267,patterns
1.0318797830950706,pay
0.9226282682230744,paying
0.9675044897924513,peace
1.068922080271875,percent
0.9677856787983474,percentage
0.9471231785458644,perfect
1.0224167312651307,period
0.9967536649289747,periods
1.120073775369728,permaculture
1.1145305726582895,person
0.9898792972649959,personal
1.0312205537159422,personally
0.9265122216344261,perspective
0.9999178253835914,pet
0.9464670063288452,petition
1.201016060396654,phone
0.9706909847504059,physical
1.0126707785489804,pick
0.9792845240783927,picture
0.9418187233943555,piece
0.9927269917501124,pieces
1.0168338358404487,places
1.1260765755159947,plan
0.7870651400712764,planet
1.0382682208640304,planet earth
1.0940288340284723,planned
1.111614007986725,planning
1.0185478828488483,plans
1.0640455766534556,plant
1.1484163885836938,plant based
0.8667040857757091,plant trees
0.9945865364611663,planted
1.1377002731203822,planting
1.0439786074836321,planting trees
0.9824919042059691,plants
1.326833649136118,plastic
0.9824183227856158,plastic bags
1.0276033157634474,plastic bottles
1.0918907963557802,plastic free
0.954997398680845,plastic waste
1.117568714842152,plastics
1.2796040779192839,platform
0.9395739833744244,play
1.0185445042853103,plenty
0.9806229114114052,plus
1.0758882065125375,podcast
0.9492084755634553,point
1.0156709976616898,points
0.9390615220932415,pole
1.0889506857642375,policies
0.9688316942897726,policy
0.9298405605297524,political
0.9755396932338033,politicians
0.8884510228247442,politics
0.873122631451038,polluting
1.1691091904335482,pollution
1.1105305674478803,poor
1.0130847863559584,population
1.005616980619965,position
0.9845013956785853,positions
1.1182982728743995,positive
0.9905018147403195,possibility
0.876393485770138,possible
1.0056148270148526,possibly
0.9654879382991477,post
1.0277452322095635,posted
0.964925156460093,posting
1.0011408860877775,posts
0.9699262019717819,potential
0.9942543646572091,potentially
0.9961335800241907,poverty
1.067643077836888,power
0.9274534038998686,powered
1.025512558174307,practical
1.0466271213346527,practice
1.0394638494033177,practices
1.137716035019932,pre
0.9529113830589184,precipitation
1.0538418931925861,predict
0.8674727980999647,predictions
1.0752097446173319,prefer
1.0469617332782544,preferably
0.9609439214732329,prepare
0.8904410364361817,present
0.9008226175429462,president
0.9964855957945896,pressure
0.8239816122113535,pretty
0.941284603718383,prevent
0.9485881479227736,previous
1.2208857381449223,price
1.0972593300315419,prices
1.0251106311162428,private
1.0270984063993358,probably
1.2473024059435744,problem
0.9268793236965112,problems
1.0149368433571775,process
1.0074592029165736,processes
0.9394100789654006,processing
1.1153414206988006,produce
0.981039986763613,produced
0.9960883085178932,produces
0.9522585322213374,producing
1.168061323917323,product
0.9714765414767222,production
1.2398567391968485,products
1.100906724474742,professional
1.0102796804413672,professor
0.882149726044714,profit
1.049715068579408,profits
0.9814916627064607,program
1.0594668557174562,programs
1.0134134968704023,progress
0.9915508205286621,project
0.9363631998499262,projections
0.9664016837821883,projects
0.9995390195838487,promote
1.0063351055496934,proof
1.000607190346226,properly
0.9623230323957654,property
0.9057444323877111,proposal
1.0203011642401734,protect
0.9690299694004645,prove
0.8534227814063577,provide
1.1062080196346848,public
0.9908456748560706,published
1.0977983599212817,purchase
0.9443635735737766,purchasing
0.9620191614029403,purpose
1.0839162035188616,pursue
0.9406959908555517,push
1.0293380256828102,putting
1.0084334795090113,quality
0.9789384223099838,question
1.109801277491913,questionnaire
0.8881157759860046,questions
1.112711334092534,quick
1.0684498445238793,quickly
0.959424057319181,quite
0.9189102508671617,radical
1.0762350645211949,rain
0.8491471790879181,rainforest
0.8927098882702013,raise
0.9554800217181937,raising
0.9407414702055404,random
1.0728253377391357,range
0.9537756013238574,rate
0.9905984156183544,raw
1.0884306141631626,reach
0.8388787117744398,reached
0.8509249848703136,read
1.0627683576712992,reading
0.9936001340355938,ready
0.8781190284760644,real
0.9897945641060532,realistic
0.9999756900419007,reality
1.3371152614532837,realize
1.2364123443840016,realized
1.1761386509674188,really
1.0287624571625504,really appreciate
1.0299406565065417,reason
1.0483177433177604,reasons
0.972375943221307,recent
1.068071763469876,recently
1.0905893744635022,recommend
1.1863641066721407,recommendations
0.862491348297076,record
1.0309615930892042,recyclable
1.0544948382827357,recycle
1.2899862776768767,recycled
1.3071960172912864,recycling
1.0131127582754726,red
1.0287812369208342,reddit
0.9110780149790177,reduce
0.983369020752954,reduce carbon
0.9484331556572744,reduce emissions
1.0161955767025899,reduce waste
0.9579080154804146,reduced
1.0305767591163457,reducing
1.0663081003191048,reduction
0.8752588897014658,reference
0.9622386988042013,refugees
0.9769788910100206,regarding
1.001251597036062,regards
0.9500146093030766,region
0.9649108081862666,regional
0.9732238231411837,regions
1.0174021693900568,regular
0.9790311500569323,related
1.0396573810084664,relatively
0.9145037750775747,release
1.016955804946455,released
0.8981700273634055,relevant
0.9453762507262025,reliable
1.0441869818990468,rely
0.9290322898639377,remain
1.0197820808492193,remember
1.115591424344926,remove
1.0410182887279522,removed
0.9693598313829231,renewable
0.9956833198292326,renewable energy
0.9687389010885408,renewables
1.0445781879946971,replace
1.0040155721536541,replaced
0.9612578937167346,report
1.1043287022047854,reporting
1.0987635747681508,reports
1.0098049812535743,require
1.0219229163720334,required
0.9797206635206138,requires
0.9269627086038043,research
0.9862771682644638,researching
0.8979869967164008,residents
1.1198087134751629,resource
1.0556421523863542,resources
0.979838421047406,respect
1.031977668603901,response
0.9129643493849681,responses
1.1216570555413308,responsibility
0.8822102495936017,responsible
0.9498423962635514,rest
1.040895791384186,restaurant
0.9490408849873849,restaurants
1.005287885939005,result
0.916032192912346,results
0.9939676577576015,return
1.5228904489924735,reusable
1.2262248347242566,reuse
0.9351771092221296,reverse
1.0642379518218643,review
0.9728511108882889,revolution
1.0448151151673128,rich
1.0629457543297394,rid
0.9418168847736653,ride
0.9414719576593802,right
0.9449703372294636,rights
0.8255275963132502,rise
0.8938907259745354,rising
0.9388580431895028,rising sea
1.1896914057699544,risk
0.9320350675965481,road
0.8066975174478918,role
1.0128407593206512,roof
1.1165831791590182,room
0.9144754028056883,roughly
1.0423904508306359,round
0.9708452099662981,rules
0.9230186350272316,run
1.01467792537867,running
0.9063063653314934,russia
0.9719595992030269,sad
1.0632107526592676,safe
0.8584166455601171,said
0.7256070649455901,save
0.9144131496984312,save planet
0.9017403916225271,save world
1.1046762911651868,saving
0.9910520951266002,savior
0.9633791964383641,saw
0.8383570773226464,say
1.0689328837903942,saying
0.973656213623762,says
1.0228915989510516,scale
0.8414916305270103,scared
0.8679920207416262,scenario
1.0285633214134842,scenarios
0.7761668248245727,school
1.1050363805304002,school project
0.9060761257025435,schools
0.8615372645276618,science
1.005341953970593,sciences
0.850974009039781,scientific
0.956648218006197,scientist
1.0174609322374544,scientists
1.2316638356619316,sdgs
0.7822109994325479,sea
0.8587051628931727,sea level
0.8787375169158232,sea levels
0.9795672462529885,search
1.053707268499228,searching
0.9807829602928734,season
1.1369303143865186,seaspiracy
1.107344323035502,second
1.1203662014049234,second hand
0.9331274866979022,secret
1.0076297135733814,sector
1.1414124056338424,security
1.1328577172304608,seeds
0.8698136288030915,seeing
0.9524339715393597,seeking
0.8521922974072113,seen
1.1072248874728352,self
1.1223507839510527,sell
1.0409242868002087,selling
0.9964097341033341,send
0.9796667758421778,sense
1.027397940592942,sequestration
0.9750851324187368,series
0.9710714786710145,seriously
0.9953372104018174,service
0.976877863654315,services
1.1138131499514243,set
1.0021297745206104,severe
1.1697567319120874,shampoo
1.0886749595168366,shampoo conditioner
1.1237252632382448,share
1.0042145843525503,sharing
1.0649884871628448,sheets
0.9765372651360673,shift
1.008006527907235,shipping
0.9158703433682429,shit
0.9878080994182685,shop
1.1374034809245976,shopping
1.0372550201031705,shops
1.114698869602176,short
1.029557718960023,shot
0.9241990375729031,shouldn
1.053583356242721,shower
0.9017796514592289,showing
0.990464468419446,shown
0.9646538107934702,shows
0.9988657113106527,shut
0.975910772723956,sign
0.9139223020838017,significant
0.9962553295800971,significantly
1.0572235610324285,signs
1.0688309688397806,similar
0.8172590299499863,simple
0.9442801788268017,simply
1.1387654089905739,single
0.9940868465520316,sink
1.0309093452834057,sit
1.1724674105813178,site
0.9376442768306877,sites
0.9143978563449058,situation
0.9561293799961547,size
0.9088285485010785,skeptics
1.0156629842796778,skills
1.0484277452679984,skin
0.9196426277225027,sky
0.9535205251598146,sleep
0.9474489575112899,slightly
1.0527376379041538,slow
0.9209879804545185,slowly
1.1733338171284924,small
1.1916856231341837,smaller
0.8456964020903482,smart
0.9325419052014362,smoke
0.808092214708158,snow
1.1647859207222404,soap
1.120984379526719,social
0.9577410261513668,social media
1.0042993956179973,societal
0.9673350099868512,society
1.0248152282651206,software
1.029991748521979,soil
0.8946344904200166,solar
0.9437628150682142,solar panels
0.9881261093787392,solar wind
0.9792452893965329,sold
1.0754278290441344,solid
0.9717463359027311,solution
1.0129852507054782,solutions
0.9299197498325552,solve
0.9283498037076344,solve climate
0.9806925788689477,solving
1.0164762240416825,somewhat
0.8961211503584964,soon
0.930946715979766,sorry
1.0390360858743988,sort
0.9900083152375767,sound
0.9723278056003475,sounds
0.9962765763928798,source
1.0308816823996114,sourced
0.8594313532869297,sources
0.9462642924295286,south
0.9155642173937986,southern
0.9623683511981046,space
0.9930685236277613,speak
0.9829026224671645,species
0.87847191313838,specific
1.1106322404976006,specifically
1.0438224469698087,spend
1.0338891872611011,spending
1.081635542954878,spent
1.0169666484326019,spread
1.0142920726497886,spring
1.1272366276647854,standard
1.0888316789272803,standards
0.8252670289256084,start
0.92331643921018,started
1.1124660206320598,starting
1.105524017843043,startup
1.2454570791383728,state
0.9453752584986658,states
0.9673377386944966,stay
0.9465219547759735,steel
1.0814781446820874,step
0.9072286166083424,steps
1.015696662079204,stick
1.0714058515290645,stock
0.8228987219577979,stop
0.9603863514391933,stop climate
0.9953753889970753,stopped
1.0024193392176393,stopping
0.9713805773550253,storage
0.980981173458,store
0.9536401374798398,stored
1.0680753439640436,stores
0.9293089680877719,stories
0.9023274244630407,storm
0.8821349827512142,storms
0.9541175425376333,story
1.0053056719897264,straight
0.9983585931781471,strategies
0.9609049803386933,straws
0.9298509471398478,strong
1.037204861794417,struggle
1.024129896861066,struggling
1.0871290731156544,student
1.1158141131120178,students
0.9077082991311047,studies
0.8761377684865667,study
1.0360351727735018,studying
1.003440704084612,stuff
0.980429655270827,stupid
1.017476582905,sub
0.9264203130639376,subject
0.917500323508269,subreddit
1.0220304539492426,success
1.0347599406389396,successful
0.9986742993185793,suffering
0.9994400064550268,suggest
1.2456468013906135,suggestions
1.0950685290720856,summary
1.0077647903117823,summer
0.9954584453985069,summers
0.9870318621799323,summit
0.9574367448499307,sun
0.8843951317524248,super
0.9666585699501972,supplies
1.1540655526663672,supply
1.0798947055475587,supply chain
1.1475291844021853,support
1.0771381576045036,supporting
1.026963675276219,supposed
1.0130557226349008,sure
1.0342413500342165,sure right
1.0023033186148078,surface
1.0094226728884226,survey
0.9284361570217976,survival
0.9372036672130094,survive
4.822342989752139,sustainability
3.979912833320039,sustainable
1.02332335943082,sustainable clothing
1.0753264715517568,sustainable development
0.882943016727445,sustainable energy
1.1599561532878726,sustainable fashion
0.9706984645133998,sustainable lifestyle
1.1121921326683526,sustainable products
0.9897297689130571,sustainable way
1.4492360282803998,sustainably
0.9890148570565458,switch
0.9089043078133529,switching
1.0291064722371301,systems
0.981383908338787,table
1.1645557285909556,tackle
1.023018125470001,taken
1.1450777139087387,takes
1.0491525850046528,taking
1.303258231075526,talk
0.9878355926636218,talking
0.9720952131068121,targets
0.9422250691683,tax
1.0080998014227172,team
0.9711364043646632,tech
1.026613640786637,technological
1.0032407662133067,technologies
0.9212510592314472,technology
0.9438260288622865,tell
0.6798151665491582,temperature
0.9684697496669371,temperature increase
0.8241968348866461,temperatures
1.0061002386879128,tend
1.0133080394264866,term
1.2195336974486415,terms
1.0504113724566961,terrible
0.9065804949013438,terrified
0.9509218423632007,test
1.1441314401235139,texas
0.9585748565106167,thank
0.9374805835440451,thank advance
1.2503819325469054,thanks
1.113318155512673,thanks advance
0.9125530749090595,theory
0.9801847206445943,thesis
1.2532325727680478,thing
0.8995511193558999,things
0.9741786173111491,thinking
0.9467805869064706,thinks
0.7394895503024065,thought
1.149766763924483,thoughts
0.9855104367911065,thousands
1.0631512285227045,thread
0.9996169863872777,threat
1.0385662748603632,thrift
1.0481981097135742,throw
0.8125277136498456,thunberg
1.016342801524903,time
0.8437027754124639,times
0.9138779575309449,tipping
0.9660017194654784,tipping points
1.2238363637581435,tips
0.9066836687338513,tired
0.9336265941487787,title
1.0113370292852333,today
1.0420230967143702,toilet
0.9779875442854109,toilet paper
0.8928650298394102,told
1.0106702127624163,tomorrow
1.0861236003891745,ton
0.9702522001663445,tons
1.0033056937802567,took
1.0259011292477254,tool
1.03729108727681,tools
1.1177181176974553,toothbrushes
0.9717053106474557,topic
1.0521855363861217,topics
0.9618684613319626,total
1.1041255380006636,totally
1.0638416485945075,touch
1.0319286596633193,tourism
1.0428306665934692,towels
0.9685494910924617,town
0.9651480443880581,toxic
1.02011126798602,track
1.0819006331484406,trade
1.0463229137561618,traditional
0.986078629766888,train
1.0722814505845981,transition
1.0590265110596317,transport
1.1002365674297077,transportation
1.1332174228203795,trash
1.008193881978053,travel
0.8974288748160077,tree
0.9000167647556512,trees
1.050756628164366,trend
0.9912020873967908,trends
1.0947645306333493,tried
1.0377529845876143,trip
1.088520122710361,trouble
0.942065124181872,true
1.0879506824053184,truly
0.989120987114649,trump
0.9661178015595625,trust
0.8961277186895931,truth
0.9523341722680432,try
1.0802563769206914,trying
1.0039177138434432,turn
0.9292903185140233,turning
0.9705401320058357,turns
1.0217916372170917,type
1.0651110469555074,types
1.0610653328692383,ugly
0.9939210723326445,uk
0.9684739858159324,ultimately
1.0160524415379515,undergrad
0.9118456557077154,understand
0.8923048817621231,understanding
1.0013850690263855,underwater
1.0241838334053108,unfortunately
0.9340871871139879,uninhabitable
0.9757582141868835,united
0.9590201550552174,united states
1.0559697312021177,university
1.0010566613321126,unless
1.1355907575030197,unsustainable
1.0805036395418535,urban
0.9229169034650031,usa
1.018902676556792,usage
1.1163042418371087,used
1.0169720515157021,useful
0.9765803103720825,useless
1.0373444754442236,users
1.057146079930371,uses
0.9809044944060888,using
0.9839089074105551,usual
1.0635067340299311,usually
1.0606989633479473,value
1.0045831189401544,values
1.1502052753922503,various
1.024934857188263,vegan
1.0993747531865004,veganism
1.0966076102537405,vegetables
0.9251253366259882,vegetarian
0.9087399374101685,vehicle
0.8342004198243101,vehicles
0.8574813808734608,viable
0.9020049820867897,video
1.0080801854300718,videos
0.9738668822251486,view
0.98153845333392,views
0.9443120634330461,virus
0.9673253310460109,volunteer
1.0012297801359547,vote
1.0705388128586506,vs
0.9422229549542207,vulnerable
1.0184079741081447,wait
0.9735262888443503,waiting
0.9691452189817819,walk
0.9922418955047209,wanna
1.1202915292423627,wanted
1.0088770497369626,wanting
1.0187059811138548,wants
0.8893287306252309,war
0.8953603872806973,warm
0.9355863040506569,warmer
0.6115622123784173,warming
0.9857914032137713,warming climate
0.9387759908542304,wars
1.0585589174404106,wash
1.2248866476374989,washing
1.007249292357429,wasn
1.6396198115532157,waste
1.1105127529255434,waste management
0.9701537892975267,wasted
1.0689946026789985,wasteful
1.1745800126741572,watch
1.0014606262065038,watched
1.084235956047192,watching
1.220470825601537,water
1.0109851062730497,waves
1.1505950558457612,way
1.3788424918366076,ways
1.1054543863465467,wealth
1.0221287696152408,wear
0.778488302599198,weather
0.9995988248139752,websites
1.0188220258865548,week
1.0051127334728496,weekend
0.9295139363032905,weeks
0.9378263593158245,weight
1.0183925583358977,weird
1.012586755448468,welcome
0.9441283634867784,went
0.962833507349632,west
0.9854200378933494,western
0.8338128989952431,white
0.9940813197921776,wide
0.9829453181288131,wild
0.9100804591041716,wildfires
1.0262724905343084,wildlife
0.8800515766455231,willing
0.8069894097097796,win
0.8010263676007682,wind
1.090848083838575,window
0.8836253312320684,winter
0.9442955523502837,winters
0.9791179807170117,wish
0.9933329561884888,women
1.0582561268918573,won
0.8884544644258735,wonder
0.9721580931204283,wondering
0.9757721793797214,wood
1.0257213560420686,word
0.9910847470317362,words
1.1086948285129399,work
1.0629489336689393,worked
1.0156954243005392,workers
1.0792265287596274,working
1.178277197080697,works
1.0341259497842679,world
0.8827951147053213,worldwide
1.0364834975683552,worried
1.0072196890916814,worry
1.0756962228167923,worrying
1.1080294252328806,worse
1.01475367096832,worst
1.0841245487098725,worth
1.0830104119427346,wouldn
1.0878412742270127,wrap
0.950984508347034,write
0.9415176321917398,writing
0.9987117189850342,written
1.1040279816898315,wrong
1.1063376418726074,wrote
0.8509949890835221,x200b
1.0631657145547848,yard
0.9092850971302511,year
0.9522972079857454,year old
0.7621226694501059,years
1.1304015794538254,years ago
0.9296795205930376,yes
0.9078490582239676,yesterday
0.9555547734030322,york
0.8722734624925244,young
0.9694735882060641,youtube
0.9779990540045801,zero
1.0847169289380085,zero waste
